"percent_co2_luc","percent_methane_luc","percent_no2_luc"
"0.8981011654474483","0.16723332017067113","0.059998638620547745"
